<manifest><control namespace="SpeechToText" constructor="SpeechToTextPCF" version="0.0.1" display-name-key="SpeechToTextPCF" description-key="SpeechToTextPCF description" control-type="standard" api-version="1.3.15"><external-service-usage enabled="false" /><property name="TextValue" display-name-key="TextValue" description-key="TextValue" of-type="Multiple" usage="bound" required="false" /><property name="LanguageOption" display-name-key="LanguageOption" description-key="LanguageOption" of-type="SingleLine.Text" usage="input" required="true" /><property name="Language" display-name-key="Language" description-key="Language" of-type="SingleLine.Text" usage="bound" required="true" /><property name="MaxLenth" display-name-key="MaxLenth" description-key="MaxLenth" of-type="Whole.None" usage="input" required="false" /><property name="Trigger" display-name-key="Trigger" description-key="Trigger" of-type="SingleLine.Text" usage="bound" required="true" /><resources><code path="bundle.js" order="1" /></resources><built-by name="pac" version="1.34.3" /></control></manifest>